-- phpMyAdmin SQL Dump
-- version 4.2.7.1
-- http://www.phpmyadmin.net
--
-- Host: 127.0.0.1
-- Generation Time: Gen 11, 2017 alle 12:08
-- Versione del server: 5.6.20
-- PHP Version: 5.5.15

SET SQL_MODE = "NO_AUTO_VALUE_ON_ZERO";
SET time_zone = "+00:00";


/*!40101 SET @OLD_CHARACTER_SET_CLIENT=@@CHARACTER_SET_CLIENT */;
/*!40101 SET @OLD_CHARACTER_SET_RESULTS=@@CHARACTER_SET_RESULTS */;
/*!40101 SET @OLD_COLLATION_CONNECTION=@@COLLATION_CONNECTION */;
/*!40101 SET NAMES utf8 */;

--
-- Database: `comuni`
--

-- --------------------------------------------------------

--
-- Struttura della tabella `comuni`
--

CREATE TABLE IF NOT EXISTS `comuni` (
  `Codcit` varchar(4) NOT NULL,
  `Citta` varchar(40) DEFAULT NULL,
  `CAP` varchar(5) DEFAULT NULL,
  `ProvinciaID` varchar(2) DEFAULT NULL
) ENGINE=InnoDB DEFAULT CHARSET=latin1;

--
-- Dump dei dati per la tabella `comuni`
--

INSERT INTO `comuni` (`Codcit`, `Citta`, `CAP`, `ProvinciaID`) VALUES
('A605', 'BALZOLA', '15031', 'AL'),
('B621', 'CANOSIO', '12020', 'CN'),
('B629', 'CANTALUPO LIGURE', '15060', 'AL'),
('B692', 'CAPRAUNA', '12070', 'CN'),
('B701', 'CAPRIATA D''ORBA', '15060', 'AL'),
('B719', 'CARAGLIO', '12023', 'CN'),
('B720', 'CARAMAGNA PIEMONTE', '12030', 'CN'),
('B736', 'CARBONARA SCRIVIA', '15050', 'AL'),
('B755', 'CARDE''', '12030', 'CN'),
('B765', 'CARENTINO', '15022', 'AL'),
('B769', 'CAREZZANO', '15051', 'AL'),
('B818', 'CARPENETO', '15071', 'AL'),
('B836', 'CARREGA LIGURE', '15060', 'AL'),
('B840', 'CARROSIO', '15060', 'AL'),
('B841', 'CARRU''', '12061', 'CN'),
('B845', 'CARTIGNANO', '12020', 'CN'),
('B847', 'CARTOSIO', '15015', 'AL'),
('B870', 'CASAL CERMELLI', '15072', 'AL'),
('B882', 'CASALEGGIO BOIRO', '15070', 'AL'),
('B885', 'CASALE MONFERRATO', '15033', 'AL'),
('B894', 'CASALGRASSO', '12030', 'CN'),
('B902', 'CASALNOCETO', '15052', 'AL'),
('B941', 'CASASCO', '15050', 'AL'),
('C005', 'CASSANO SPINOLA', '15063', 'AL'),
('C027', 'CASSINE', '15016', 'AL'),
('C030', 'CASSINELLE', '15070', 'AL'),
('C046', 'CASTAGNITO', '12050', 'CN'),
('C081', 'CASTELDELFINO', '12020', 'CN'),
('C137', 'CASTELLANIA', '15051', 'AL'),
('C140', 'CASTELLAR', '12030', 'CN'),
('C142', 'CASTELLAR GUIDOBONO', '15050', 'AL'),
('C148', 'CASTELLAZZO BORMIDA', '15073', 'AL'),
('C156', 'CASTELLETTO D''ERRO', '15010', 'AL'),
('C158', 'CASTELLETTO D''ORBA', '15060', 'AL'),
('C160', 'CASTELLETTO MERLI', '15020', 'AL'),
('C162', 'CASTELLETTO MONFERRATO', '15040', 'AL'),
('C165', 'CASTELLETTO STURA', '12040', 'CN'),
('C167', 'CASTELLETTO UZZONE', '12070', 'CN'),
('C173', 'CASTELLINALDO', '12050', 'CN'),
('C176', 'CASTELLINO TANARO', '12060', 'CN'),
('C205', 'CASTELMAGNO', '12020', 'CN'),
('C214', 'CASTELNUOVO DI CEVA', '12070', 'CN'),
('C229', 'CASTELNUOVO BORMIDA', '15017', 'AL'),
('C243', 'CASTELNUOVO SCRIVIA', '15053', 'AL'),
('C274', 'CASTELSPINA', '15070', 'AL'),
('C314', 'CASTIGLIONE FALLETTO', '12060', 'CN'),
('C317', 'CASTIGLIONE TINELLA', '12053', 'CN'),
('C323', 'CASTINO', '12050', 'CN'),
('C375', 'CAVALLERLEONE', '12030', 'CN'),
('C376', 'CAVALLERMAGGIORE', '12030', 'CN'),
('C387', 'CAVATORE', '15010', 'AL'),
('C432', 'CELLA MONTE', '15034', 'AL'),
('C441', 'CELLE DI MACRA', '12020', 'CN'),
('C466', 'CENTALLO', '12044', 'CN'),
('C503', 'CERESETO', '15020', 'AL'),
('C504', 'CERESOLE ALBA', '12040', 'CN'),
('C507', 'CERRETO GRUE', '15050', 'AL'),
('C530', 'CERRETO LANGHE', '12050', 'CN'),
('C531', 'CERRINA', '15020', 'AL'),
('C547', 'CERVASCA', '12010', 'CN'),
('C550', 'CERVERE', '12040', 'CN'),
('C589', 'CEVA', '12073', 'CN'),
('C599', 'CHERASCO', '12062', 'CN'),
('C653', 'CHIUSA DI PESIO', '12013', 'CN'),
('C681', 'CIGLIE''', '12060', 'CN'),
('C738', 'CISSONE', '12050', 'CN'),
('C792', 'CLAVESANA', '12060', 'CN'),
('C962', 'CONIOLO', '15030', 'AL'),
('C977', 'CONZANO', '15030', 'AL'),
('D022', 'CORNELIANO D''ALBA', '12040', 'CN'),
('D062', 'CORTEMILIA', '12074', 'CN'),
('D093', 'COSSANO BELBO', '12054', 'CN'),
('D102', 'COSTA VESCOVATO', '15050', 'AL'),
('D120', 'COSTIGLIOLE SALUZZO', '12024', 'CN'),
('D133', 'CRAVANZANA', '12050', 'CN'),
('D149', 'CREMOLINO', '15010', 'AL'),
('D172', 'CRISSOLO', '12030', 'CN'),
('D194', 'CUCCARO MONFERRATO', '15040', 'AL'),
('D205', 'CUNEO', '12100', 'CN'),
('D271', 'DEMONTE', '12014', 'CN'),
('D272', 'DENICE', '15010', 'AL'),
('D277', 'DERNICE', '15056', 'AL'),
('D291', 'DIANO D''ALBA', '12055', 'CN'),
('D314', 'DOGLIANI', '12063', 'CN'),
('D372', 'DRONERO', '12025', 'CN'),
('D401', 'ELVA', '12020', 'CN'),
('D410', 'ENTRACQUE', '12010', 'CN'),
('D412', 'ENVIE', '12030', 'CN'),
('D447', 'FABBRICA CURONE', '15050', 'AL'),
('D499', 'FARIGLIANO', '12060', 'CN'),
('D511', 'FAULE', '12033', 'CN'),
('D523', 'FEISOGLIO', '12050', 'CN'),
('D528', 'FELIZZANO', '15023', 'AL'),
('D559', 'FRACONALTO', '15060', 'AL'),
('D742', 'FOSSANO', '12045', 'CN'),
('D751', 'FRABOSA SOPRANA', '12082', 'CN'),
('D752', 'FRABOSA SOTTANA', '12083', 'CN'),
('D759', 'FRANCAVILLA BISIO', '15060', 'AL'),
('D770', 'FRASCARO', '15010', 'AL'),
('D777', 'FRASSINELLO MONFERRATO', '15035', 'AL'),
('D780', 'FRASSINETO PO', '15040', 'AL'),
('D782', 'FRASSINO', '12020', 'CN'),
('D797', 'FRESONARA', '15064', 'AL'),
('D813', 'FRUGAROLO', '15065', 'AL'),
('D814', 'FUBINE', '15043', 'AL'),
('D835', 'GABIANO', '15020', 'AL'),
('D856', 'GAIOLA', '12010', 'CN'),
('D890', 'GAMALERO', '15010', 'AL'),
('D894', 'GAMBASCA', '12030', 'CN'),
('D910', 'GARBAGNA', '15050', 'AL'),
('D920', 'GARESSIO', '12075', 'CN'),
('D941', 'GAVAZZANA', '15063', 'AL'),
('D944', 'GAVI', '15066', 'AL'),
('D967', 'GENOLA', '12040', 'CN'),
('E015', 'GIAROLE', '15036', 'AL'),
('E111', 'GORZEGNO', '12070', 'CN'),
('E115', 'GOTTASECCA', '12070', 'CN'),
('E118', 'GOVONE', '12040', 'CN'),
('E164', 'GREMIASCO', '15056', 'AL'),
('E182', 'GRINZANE CAVOUR', '12060', 'CN'),
('E188', 'GROGNARDO', '15010', 'AL'),
('E191', 'GRONDONA', '15060', 'AL'),
('E251', 'GUARENE', '12050', 'CN'),
('E255', 'GUAZZORA', '15050', 'AL'),
('E282', 'IGLIANO', '12060', 'CN'),
('E327', 'ISASCA', '12020', 'CN'),
('E360', 'ISOLA SANT''ANTONIO', '15050', 'AL'),
('E406', 'LAGNASCO', '12030', 'CN'),
('E430', 'LA MORRA', '12064', 'CN'),
('E539', 'LEQUIO TANARO', '12060', 'CN'),
('E540', 'LEQUIO BERRIA', '12050', 'CN'),
('E543', 'LERMA', '15070', 'AL'),
('E546', 'LESEGNO', '12076', 'CN'),
('E564', 'LEVICE', '12070', 'CN'),
('E597', 'LIMONE PIEMONTE', '12015', 'CN'),
('E615', 'LISIO', '12070', 'CN'),
('E712', 'LU', '15040', 'AL'),
('E789', 'MACRA', '12020', 'CN'),
('E808', 'MAGLIANO ALPI', '12060', 'CN'),
('E809', 'MAGLIANO ALFIERI', '12050', 'CN'),
('E870', 'MALVICINO', '15015', 'AL'),
('E887', 'MANGO', '12056', 'CN'),
('E894', 'MANTA', '12030', 'CN'),
('E939', 'MARENE', '12030', 'CN'),
('E945', 'MARGARITA', '12040', 'CN'),
('E963', 'MARMORA', '12020', 'CN'),
('E973', 'MARSAGLIA', '12060', 'CN'),
('E988', 'MARTINIANA PO', '12030', 'CN'),
('F015', 'MASIO', '15024', 'AL'),
('F096', 'MELAZZO', '15010', 'AL'),
('F114', 'MELLE', '12020', 'CN'),
('F131', 'MERANA', '15010', 'AL'),
('F232', 'MIRABELLO MONFERRATO', '15040', 'AL'),
('F279', 'MOIOLA', '12010', 'CN'),
('F281', 'MOLARE', '15074', 'AL'),
('F293', 'MOLINO DEI TORTI', '15050', 'AL'),
('F309', 'MOMBARCARO', '12070', 'CN'),
('F312', 'MOMBASIGLIO', '12070', 'CN'),
('F313', 'MOMBELLO MONFERRATO', '15020', 'AL'),
('F320', 'MOMPERONE', '15050', 'AL'),
('F326', 'MONASTERO DI VASCO', '12080', 'CN'),
('F329', 'MONASTEROLO CASOTTO', '12080', 'CN'),
('F330', 'MONASTEROLO DI SAVIGLIANO', '12030', 'CN'),
('F337', 'MONCESTINO', '15020', 'AL'),
('F338', 'MONCHIERO', '12060', 'CN'),
('F351', 'MONDOVI''', '12084', 'CN'),
('F355', 'MONESIGLIO', '12077', 'CN'),
('F358', 'MONFORTE D''ALBA', '12065', 'CN'),
('F365', 'MONGIARDINO LIGURE', '15060', 'AL'),
('F374', 'MONLEALE', '15059', 'AL'),
('F385', 'MONTA''', '12046', 'CN'),
('F388', 'MONTACUTO', '15050', 'AL'),
('F403', 'MONTALDEO', '15060', 'AL'),
('F404', 'MONTALDO BORMIDA', '15010', 'AL'),
('F405', 'MONTALDO DI MONDOVI''', '12080', 'CN'),
('F408', 'MONTALDO ROERO', '12040', 'CN'),
('F424', 'MONTANERA', '12040', 'CN'),
('F455', 'MONTECASTELLO', '15040', 'AL'),
('F469', 'MONTECHIARO D''ACQUI', '15010', 'AL'),
('F518', 'MONTEGIOCO', '15050', 'AL'),
('F550', 'MONTELUPO ALBESE', '12050', 'CN'),
('F558', 'MONTEMALE DI CUNEO', '12025', 'CN'),
('F562', 'MONTEMARZINO', '15050', 'AL'),
('F608', 'MONTEROSSO GRANA', '12020', 'CN'),
('F654', 'MONTEU ROERO', '12040', 'CN'),
('F666', 'MONTEZEMOLO', '12070', 'CN'),
('F669', 'MONTICELLO D''ALBA', '12066', 'CN'),
('F707', 'MORANO SUL PO', '15025', 'AL'),
('F713', 'MORBELLO', '15010', 'AL'),
('F723', 'MORETTA', '12033', 'CN'),
('F737', 'MORNESE', '15075', 'AL'),
('F743', 'MOROZZO', '12040', 'CN'),
('F751', 'MORSASCO', '15010', 'AL'),
('F809', 'MURAZZANO', '12060', 'CN'),
('F811', 'MURELLO', '12030', 'CN'),
('F814', 'MURISENGO', '15020', 'AL'),
('F846', 'NARZOLE', '12068', 'CN'),
('F863', 'NEIVE', '12052', 'CN'),
('F883', 'NEVIGLIE', '12050', 'CN'),
('F894', 'NIELLA BELBO', '12050', 'CN'),
('F895', 'NIELLA TANARO', '12060', 'CN'),
('F961', 'NOVELLO', '12060', 'CN'),
('F965', 'NOVI LIGURE', '15067', 'AL'),
('F972', 'NUCETTO', '12070', 'CN'),
('F995', 'OCCIMIANO', '15040', 'AL'),
('F997', 'ODALENGO GRANDE', '15020', 'AL'),
('F998', 'ODALENGO PICCOLO', '15020', 'AL'),
('G042', 'OLIVOLA', '15030', 'AL'),
('G066', 'ONCINO', '12030', 'CN'),
('G114', 'ORMEA', '12078', 'CN'),
('G124', 'ORSARA BORMIDA', '15010', 'AL'),
('G183', 'OSTANA', '12030', 'CN'),
('G193', 'OTTIGLIO', '15038', 'AL'),
('G197', 'OVADA', '15076', 'AL'),
('G199', 'OVIGLIO', '15026', 'AL'),
('G204', 'OZZANO MONFERRATO', '15039', 'AL'),
('G215', 'PADERNA', '15050', 'AL'),
('G228', 'PAESANA', '12034', 'CN'),
('G240', 'PAGNO', '12030', 'CN'),
('G302', 'PAMPARATO', '12087', 'CN'),
('G334', 'PARETO', '15010', 'AL'),
('G338', 'PARODI LIGURE', '15060', 'AL'),
('G339', 'PAROLDO', '12070', 'CN'),
('G367', 'PASTURANA', '15060', 'AL'),
('G397', 'PECETTO DI VALENZA', '15040', 'AL'),
('G457', 'PERLETTO', '12074', 'CN'),
('G458', 'PERLO', '12070', 'CN'),
('G526', 'PEVERAGNO', '12016', 'CN'),
('G532', 'PEZZOLO VALLE UZZONE', '12070', 'CN'),
('G561', 'PIANFEI', '12080', 'CN'),
('G575', 'PIASCO', '12026', 'CN'),
('G619', 'PIETRA MARAZZI', '15040', 'AL'),
('G625', 'PIETRAPORZIO', '12010', 'CN'),
('G683', 'PIOBESI D''ALBA', '12040', 'CN'),
('G695', 'PIOVERA', '15040', 'AL'),
('G697', 'PIOZZO', '12060', 'CN'),
('G742', 'POCAPAGLIA', '12060', 'CN'),
('G800', 'POLONGHERA', '12030', 'CN'),
('G807', 'POMARO MONFERRATO', '15040', 'AL'),
('G837', 'PONTECHIANALE', '12020', 'CN'),
('G839', 'PONTECURONE', '15055', 'AL'),
('G858', 'PONTESTURA', '15027', 'AL'),
('G861', 'PONTI', '15010', 'AL'),
('G872', 'PONZANO MONFERRATO', '15020', 'AL'),
('G877', 'PONZONE', '13832', 'AL'),
('G960', 'POZZOL GROPPO', '15050', 'AL'),
('G961', 'POZZOLO FORMIGARO', '15068', 'AL'),
('G970', 'PRADLEVES', '12027', 'CN'),
('G987', 'PRASCO', '15010', 'AL'),
('H011', 'PRAZZO', '12028', 'CN'),
('H021', 'PREDOSA', '15077', 'AL'),
('H059', 'PRIERO', '12070', 'CN'),
('H068', 'PRIOCCA', '12040', 'CN'),
('H069', 'PRIOLA', '12070', 'CN'),
('H085', 'PRUNETTO', '12077', 'CN'),
('H104', 'QUARGNENTO', '15044', 'AL'),
('H121', 'QUATTORDIO', '15028', 'AL'),
('H150', 'RACCONIGI', '12035', 'CN'),
('H247', 'REVELLO', '12036', 'CN'),
('H272', 'RICALDONE', '15010', 'AL'),
('H285', 'RIFREDDO', '12080', 'CN'),
('H326', 'RITTANA', '12010', 'CN'),
('H334', 'RIVALTA BORMIDA', '15010', 'AL'),
('H343', 'RIVARONE', '15040', 'AL'),
('H362', 'ROASCHIA', '12010', 'CN'),
('H363', 'ROASCIO', '12073', 'CN'),
('H377', 'ROBILANTE', '12017', 'CN'),
('H378', 'ROBURENT', '12080', 'CN'),
('H385', 'ROCCABRUNA', '12020', 'CN'),
('H391', 'ROCCA CIGLIE''', '12060', 'CN'),
('H395', 'ROCCA DE'' BALDI', '12047', 'CN'),
('H406', 'ROCCAFORTE LIGURE', '15060', 'AL'),
('H407', 'ROCCAFORTE MONDOVI''', '12088', 'CN'),
('H414', 'ROCCA GRIMALDA', '15078', 'AL'),
('H447', 'ROCCASPARVERA', '12010', 'CN'),
('H453', 'ROCCAVIONE', '12018', 'CN'),
('H462', 'ROCCHETTA BELBO', '12050', 'CN'),
('H465', 'ROCCHETTA LIGURE', '15060', 'AL'),
('H472', 'RODDI', '12060', 'CN'),
('H473', 'RODDINO', '12050', 'CN'),
('H474', 'RODELLO', '12050', 'CN'),
('H569', 'ROSIGNANO MONFERRATO', '15030', 'AL'),
('H578', 'ROSSANA', '12020', 'CN'),
('H633', 'RUFFIA', '12030', 'CN'),
('H677', 'SALA MONFERRATO', '15030', 'AL'),
('H694', 'SALE', '15045', 'AL'),
('H695', 'SALE DELLE LANGHE', '12070', 'CN'),
('H704', 'SALE SAN GIOVANNI', '12070', 'CN'),
('H710', 'SALICETO', '12079', 'CN'),
('H716', 'SALMOUR', '12040', 'CN'),
('H727', 'SALUZZO', '12037', 'CN'),
('H746', 'SAMBUCO', '12010', 'CN'),
('H755', 'SAMPEYRE', '12020', 'CN'),
('H770', 'SAN BENEDETTO BELBO', '12050', 'CN'),
('H810', 'SAN CRISTOFORO', '15060', 'AL'),
('H812', 'SAN DAMIANO MACRA', '12029', 'CN'),
('H851', 'SANFRE''', '12040', 'CN'),
('H852', 'SANFRONT', '12030', 'CN'),
('H878', 'SAN GIORGIO MONFERRATO', '15020', 'AL'),
('I037', 'SAN MICHELE MONDOVI''', '12080', 'CN'),
('I144', 'SAN SALVATORE MONFERRATO', '15046', 'AL'),
('I150', 'SAN SEBASTIANO CURONE', '15056', 'AL'),
('I190', 'SANT''AGATA FOSSILI', '15050', 'AL'),
('I210', 'SANT''ALBANO STURA', '12040', 'CN'),
('I316', 'SANTA VITTORIA D''ALBA', '12069', 'CN'),
('I367', 'SANTO STEFANO BELBO', '12058', 'CN'),
('I372', 'SANTO STEFANO ROERO', '12040', 'CN'),
('I429', 'SARDIGLIANO', '15060', 'AL'),
('I432', 'SAREZZANO', '15050', 'AL'),
('I470', 'SAVIGLIANO', '12038', 'CN'),
('I484', 'SCAGNELLO', '12070', 'CN'),
('I512', 'SCARNAFIGI', '12030', 'CN'),
('I645', 'SERRALUNGA DI CREA', '15020', 'AL'),
('I646', 'SERRALUNGA D''ALBA', '12050', 'CN'),
('I657', 'SERRAVALLE SCRIVIA', '15069', 'AL'),
('I659', 'SERRAVALLE LANGHE', '12050', 'CN'),
('I711', 'SEZZADIO', '15079', 'AL'),
('I738', 'SILVANO D''ORBA', '15060', 'AL'),
('I750', 'SINIO', '12050', 'CN'),
('I798', 'SOLERO', '15029', 'AL'),
('I808', 'SOLONGHELLO', '15020', 'AL'),
('I817', 'SOMANO', '12060', 'CN'),
('I822', 'SOMMARIVA DEL BOSCO', '12048', 'CN'),
('I823', 'SOMMARIVA PERNO', '12040', 'CN'),
('I901', 'SPIGNO MONFERRATO', '15018', 'AL'),
('I911', 'SPINETO SCRIVIA', '15050', 'AL'),
('I941', 'STAZZANO', '15060', 'AL'),
('I977', 'STREVI', '15019', 'AL'),
('I985', 'STROPPO', '12020', 'CN'),
('L027', 'TAGLIOLO MONFERRATO', '15070', 'AL'),
('L048', 'TARANTASCA', '12020', 'CN'),
('L059', 'TASSAROLO', '15060', 'AL'),
('L139', 'TERRUGGIA', '15030', 'AL'),
('L143', 'TERZO', '15010', 'AL'),
('L165', 'TICINETO', '15040', 'AL'),
('L241', 'TORRE MONDOVI''', '12080', 'CN'),
('L252', 'TORRE BORMIDA', '12050', 'CN'),
('L278', 'TORRE SAN GIORGIO', '12030', 'CN'),
('L281', 'TORRESINA', '12070', 'CN'),
('L304', 'TORTONA', '15057', 'AL'),
('L367', 'TREISO', '12050', 'CN'),
('L403', 'TREVILLE', '15030', 'AL'),
('L410', 'TREZZO TINELLA', '12050', 'CN'),
('L427', 'TRINITA''', '12049', 'CN'),
('L432', 'TRISOBBIO', '15070', 'AL'),
('L558', 'VALDIERI', '12010', 'CN'),
('L570', 'VALENZA', '15048', 'AL'),
('L580', 'VALGRANA', '12020', 'CN'),
('L631', 'VALLORIATE', '12010', 'CN'),
('L633', 'VALMACCA', '15040', 'AL'),
('L636', 'VALMALA', '12020', 'CN'),
('L729', 'VENASCA', '12020', 'CN'),
('L758', 'VERDUNO', '12060', 'CN'),
('L771', 'VERNANTE', '12019', 'CN'),
('L804', 'VERZUOLO', '12039', 'CN'),
('L817', 'VEZZA D''ALBA', '12040', 'CN'),
('L841', 'VICOFORTE', '12080', 'CN'),
('L881', 'VIGNALE MONFERRATO', '15049', 'AL'),
('L887', 'VIGNOLE BORBERA', '15060', 'AL'),
('L888', 'VIGNOLO', '12010', 'CN'),
('L904', 'VIGUZZOLO', '15058', 'AL'),
('L931', 'VILLADEATI', '15020', 'AL'),
('L942', 'VILLAFALLETTO', '12020', 'CN'),
('L963', 'VILLALVERNIA', '15050', 'AL'),
('L970', 'VILLAMIROGLIO', '15020', 'AL'),
('L972', 'VILLANOVA MONFERRATO', '15030', 'AL'),
('L974', 'VILLANOVA MONDOVI''', '12089', 'CN'),
('L990', 'VILLANOVA SOLARO', '12030', 'CN'),
('M009', 'VILLAROMAGNANO', '15050', 'AL'),
('M015', 'VILLAR SAN COSTANZO', '12020', 'CN'),
('M055', 'VINADIO', '12010', 'CN'),
('M063', 'VIOLA', '12070', 'CN'),
('M077', 'VISONE', '15010', 'AL'),
('M120', 'VOLPEDO', '15059', 'AL'),
('M121', 'VOLPEGLINO', '15050', 'AL'),
('M123', 'VOLTAGGIO', '15060', 'AL'),
('M136', 'VOTTIGNASCO', '12020', 'CN'),
('M222', 'CANALE', '12043', 'CN');

-- --------------------------------------------------------

--
-- Struttura della tabella `province`
--

CREATE TABLE IF NOT EXISTS `province` (
  `ProvinciaID` varchar(2) NOT NULL,
  `Provincia` varchar(20) DEFAULT NULL,
  `RegioneID` tinyint(3) unsigned DEFAULT NULL
) ENGINE=InnoDB DEFAULT CHARSET=latin1;

--
-- Dump dei dati per la tabella `province`
--

INSERT INTO `province` (`ProvinciaID`, `Provincia`, `RegioneID`) VALUES
('AG', 'Agrigento', 19),
('AL', 'Alessandria', 2),
('AN', 'Ancona', 11),
('AO', 'Aosta', 1),
('AP', 'Ascoli Piceno', 11),
('AQ', 'L''Aquila', 13),
('AR', 'Arezzo', 9),
('AT', 'Asti', 2),
('AV', 'Avellino', 15),
('BA', 'Bari', 16),
('BG', 'Bergamo', 4),
('BI', 'Biella', 2),
('BL', 'Belluno', 6),
('BN', 'Benevento', 15),
('BO', 'Bologna', 8),
('BR', 'Brindisi', 16),
('BS', 'Brescia', 4),
('BZ', 'Bolzano', 5),
('CA', 'Cagliari', 20),
('CB', 'Campobasso', 14),
('CE', 'Caserta', 15),
('CH', 'Chieti', 13),
('CL', 'Caltanisssetta', 19),
('CN', 'Cuneo', 2),
('CO', 'Como', 4),
('CR', 'Cremona', 4),
('CS', 'Cosenza', 18),
('CT', 'Catania', 19),
('CZ', 'Catanzaro', 18),
('EN', 'Enna', 19),
('FE', 'Ferrara', 8),
('FG', 'Foggia', 16),
('FI', 'Firenze', 9),
('FO', 'Forlì', 8),
('FR', 'Frosinone', 12),
('GE', 'Genova', 3),
('GO', 'Gorizia', 7),
('GR', 'Grosseto', 9),
('IM', 'Imperia', 3),
('IS', 'Isernia', 14),
('KR', 'Crotone', 18),
('LC', 'Lecco', 4),
('LE', 'Lecce', 16),
('LI', 'Livorno', 9),
('LO', 'Lodi', 4),
('LT', 'Latina', 12),
('LU', 'Lucca', 9),
('MC', 'Macerata', 11),
('ME', 'Messina', 19),
('MI', 'Milano', 4),
('MN', 'Mantova', 4),
('MO', 'Modena', 8),
('MS', 'Massa Carrara', 9),
('MT', 'Matera', 17),
('NA', 'Napoli', 15),
('NO', 'Novara', 2),
('NU', 'Nuoro', 20),
('OR', 'Oristano', 20),
('PA', 'Palermo', 19),
('PC', 'Piacenza', 8),
('PD', 'Padova', 6),
('PE', 'Pescara', 13),
('PG', 'Perugia', 10),
('PI', 'Pisa', 9),
('PN', 'Pordenone', 7),
('PO', 'Prato', 9),
('PR', 'Parma', 8),
('PS', 'Pesaro', 11),
('PT', 'Pistoia', 9),
('PV', 'Pavia', 4),
('PZ', 'Potenza', 17),
('RA', 'Ravenna', 8),
('RC', 'Reggio Calabria', 18),
('RE', 'Reggio Emilia', 8),
('RG', 'Ragusa', 19),
('RI', 'Rieti', 12),
('RM', 'Roma', 12),
('RN', 'Rimini', 8),
('RO', 'Rovigo', 6),
('SA', 'Salerno', 15),
('SI', 'Siena', 9),
('SO', 'Sondrio', 4),
('SP', 'La Spezia', 3),
('SR', 'Siracusa', 19),
('SS', 'Sassari', 20),
('SV', 'Savona', 3),
('TA', 'Taranto', 16),
('TE', 'Teramo', 13),
('TN', 'Trento', 5),
('TO', 'Torino', 2),
('TP', 'Trapani', 19),
('TR', 'Terni', 10),
('TS', 'Trieste', 7),
('TV', 'Treviso', 6),
('UD', 'Udine', 7),
('VA', 'Varese', 4),
('VB', 'Verbano Cusio Ossola', 2),
('VC', 'Vercelli', 2),
('VE', 'Venezia', 6),
('VI', 'Vicenza', 6),
('VR', 'Verona', 6),
('VT', 'Viterbo', 12),
('VV', 'Vibo Valentia', 18);

-- --------------------------------------------------------

--
-- Struttura della tabella `regioni`
--

CREATE TABLE IF NOT EXISTS `regioni` (
  `RegioneID` tinyint(3) unsigned NOT NULL,
  `Regione` varchar(20) DEFAULT NULL
) ENGINE=InnoDB DEFAULT CHARSET=latin1;

--
-- Dump dei dati per la tabella `regioni`
--

INSERT INTO `regioni` (`RegioneID`, `Regione`) VALUES
(1, 'Valle D''Aosta'),
(2, 'Piemonte'),
(3, 'Liguria'),
(4, 'Lombardia'),
(5, 'Trentino'),
(6, 'Veneto'),
(7, 'Friuli'),
(8, 'Emilia Romagna'),
(9, 'Toscana'),
(10, 'Umbria'),
(11, 'Marche'),
(12, 'Lazio'),
(13, 'Abruzzo'),
(14, 'Molise'),
(15, 'Campania'),
(16, 'Puglie'),
(17, 'Basilicata'),
(18, 'Calabria'),
(19, 'Sicilia'),
(20, 'Sardegna');

--
-- Indexes for dumped tables
--

--
-- Indexes for table `comuni`
--
ALTER TABLE `comuni`
 ADD PRIMARY KEY (`Codcit`), ADD KEY `Comuni1ProvinciaID` (`ProvinciaID`), ADD KEY `ProvinceComuni` (`ProvinciaID`);

--
-- Indexes for table `province`
--
ALTER TABLE `province`
 ADD PRIMARY KEY (`ProvinciaID`), ADD KEY `RegioneID` (`RegioneID`), ADD KEY `RegioniProvince` (`RegioneID`);

--
-- Indexes for table `regioni`
--
ALTER TABLE `regioni`
 ADD PRIMARY KEY (`RegioneID`);

/*!40101 SET CHARACTER_SET_CLIENT=@OLD_CHARACTER_SET_CLIENT */;
/*!40101 SET CHARACTER_SET_RESULTS=@OLD_CHARACTER_SET_RESULTS */;
/*!40101 SET COLLATION_CONNECTION=@OLD_COLLATION_CONNECTION */;
